Workbook

Sheet Read Me
A1: Apparel Line Loading & Capacity Planning Tool
A2: Built for production/capacity planning — matches how planning executives track line loading in apparel manufacturing
A4: How this workbook works
A5: 1. SMV Master
A6: Enter each style's SMV (Standard Minute Value) and target efficiency. This is the base data used to calculate required minutes for every order.
A8: 2. Order Book
A9: Enter customer orders — style, quantity, assigned line, and planned week. SMV and required minutes are pulled in automatically.
A11: 3. Line Master
A12: Enter each sewing line's operator count, working hours/days, and line efficiency %. This calculates each line's available capacity (minutes) per week.
A14: 4. Capacity Plan
A15: Automatically compares required minutes (from Order Book) against available minutes (from Line Master) for each line/week, and flags overloaded weeks.
A17: 5. Dashboard
... A26: Note: Sample data provided is illustrative/simulated for demonstration purposes.

Sheet SMV Master
A2: Style Code | B2: Style Name | C2: Garment Type | D2: No. of Operations | E2: SMV (min) | F2: Target Efficiency %
A3: STY-001 | B3: Basic Crew Neck T-Shirt | C3: Knit Top | D3: 12 | E3: 8.5 | F3: 0.65
A4: STY-002 | B4: Polo Shirt | C4: Knit Top | D4: 18 | E4: 12.2 | F4: 0.6
A5: STY-003 | B5: Basic Trouser | C5: Woven Bottom | D5: 22 | E5: 18 | F5: 0.55
A6: STY-004 | B6: Denim Jacket | C6: Woven Outerwear | D6: 35 | E6: 32.5 | F6: 0.5

Sheet Line Master
A2: Line No. | B2: No. of Operators | C2: Working Hours/Day | D2: Working Days/Week | E2: Line Efficiency % | F2: Available Min/Day | G2: Available Min/Week
A3: Line 1 | B3: 28 | C3: 8 | D3: 6 | E3: 0.55 | F3: =B3*C3*60*E3 -> 7392 | G3: =F3*D3 -> 44352
A4: Line 2 | B4: 24 | C4: 8 | D4: 6 | E4: 0.5 | F4: =B4*C4*60*E4 -> 5760 | G4: =F4*D4 -> 34560
A5: Line 3 | B5: 30 | C5: 8 | D5: 6 | E5: 0.6 | F5: =B5*C5*60*E5 -> 8640 | G5: =F5*D5 -> 51840

Sheet Order Book
A2: Order No. | B2: Style Code | C2: Style Name | D2: SMV (min) | E2: Order Qty | F2: Assigned Line | G2: Planned Week | H2: Required Minutes | I2: Delivery Date
A3: ORD-101 | B3: STY-001 | C3: =IFERROR(INDEX('SMV Master'!$B$3:$B$6,MATCH(B3,'SMV Master'!$A$3:$A$6,0)),"") -> Basic Crew Neck T-Shirt | D3: =IFERROR(INDEX('SMV Master'!$E$3:$E$6,MATCH(B3,'SMV Master'!$A$3:$A$6,0)),"") -> 8.5 | E3: 3100 | F3: Line 1 | G3: W1 | H3: =IFERROR(E3*D3,"") -> 26350 | I3: 2026-09-07
A4: ORD-102 | B4: STY-002 | C4: =IFERROR(INDEX('SMV Master'!$B$3:$B$6,MATCH(B4,'SMV Master'!$A$3:$A$6,0)),"") -> Polo Shirt | D4: =IFERROR(INDEX('SMV Master'!$E$3:$E$6,MATCH(B4,'SMV Master'!$A$3:$A$6,0)),"") -> 12.2 | E4: 1000 | F4: Line 1 | G4: W1 | H4: =IFERROR(E4*D4,"") -> 12200 | I4: 2026-09-07
A5: ORD-103 | B5: STY-001 | C5: =IFERROR(INDEX('SMV Master'!$B$3:$B$6,MATCH(B5,'SMV Master'!$A$3:$A$6,0)),"") -> Basic Crew Neck T-Shirt | D5: =IFERROR(INDEX('SMV Master'!$E$3:$E$6,MATCH(B5,'SMV Master'!$A$3:$A$6,0)),"") -> 8.5 | E5: 3650 | F5: Line 2 | G5: W1 | H5: =IFERROR(E5*D5,"") -> 31025 | I5: 2026-09-07
A6: ORD-104 | B6: STY-003 | C6: =IFERROR(INDEX('SMV Master'!$B$3:$B$6,MATCH(B6,'SMV Master'!$A$3:$A$6,0)),"") -> Basic Trouser | D6: =IFERROR(INDEX('SMV Master'!$E$3:$E$6,MATCH(B6,'SMV Master'!$A$3:$A$6,0)),"") -> 18 | E6: 2740 | F6: Line 3 | G6: W1 | H6: =IFERROR(E6*D6,"") -> 49320 | I6: 2026-09-14
A7: ORD-105 | B7: STY-002 | C7: =IFERROR(INDEX('SMV Master'!$B$3:$B$6,MATCH(B7,'SMV Master'!$A$3:$A$6,0)),"") -> Polo Shirt | D7: =IFERROR(INDEX('SMV Master'!$E$3:$E$6,MATCH(B7,'SMV Master'!$A$3:$A$6,0)),"") -> 12.2 | E7: 1000 | F7: Line 2 | G7: W2 | H7: =IFERROR(E7*D7,"") -> 12200 | I7: 2026-09-14
A8: ORD-106 | B8: STY-004 | C8: =IFERROR(INDEX('SMV Master'!$B$3:$B$6,MATCH(B8,'SMV Master'!$A$3:$A$6,0)),"") -> Denim Jacket | D8: =IFERROR(INDEX('SMV Master'!$E$3:$E$6,MATCH(B8,'SMV Master'!$A$3:$A$6,0)),"") -> 32.5 | E8: 1760 | F8: Line 3 | G8: W2 | H8: =IFERROR(E8*D8,"") -> 57200 | I8: 2026-09-21
A9: ORD-107 | B9: STY-001 | C9: =IFERROR(INDEX('SMV Master'!$B$3:$B$6,MATCH(B9,'SMV Master'!$A$3:$A$6,0)),"") -> Basic Crew Neck T-Shirt | D9: =IFERROR(INDEX('SMV Master'!$E$3:$E$6,MATCH(B9,'SMV Master'!$A$3:$A$6,0)),"") -> 8.5 | E9: 5500 | F9: Line 1 | G9: W2 | H9: =IFERROR(E9*D9,"") -> 46750 | I9: 2026-09-21
A10: ORD-108 | B10: STY-003 | C10: =IFERROR(INDEX('SMV Master'!$B$3:$B$6,MATCH(B10,'SMV Master'!$A$3:$A$6,0)),"") -> Basic Trouser | D10: =IFERROR(INDEX('SMV Master'!$E$3:$E$6,MATCH(B10,'SMV Master'!$A$3:$A$6,0)),"") -> 18 | E10: 650 | F10: Line 2 | G10: W2 | H10: =IFERROR(E10*D10,"") -> 11700 | I10: 2026-09-21

Sheet Capacity Plan
A2: Line No. | B2: Week | C2: Available Minutes | D2: Required Minutes | E2: Load % | F2: Variance (Min) | G2: Status
A3: Line 1 | B3: W1 | C3: =IFERROR(INDEX('Line Master'!$G$3:$G$5,MATCH(A3,'Line Master'!$A$3:$A$5,0)),"") -> 44352 | D3: =SUMIFS('Order Book'!$H$3:$H$10,'Order Book'!$F$3:$F$10,A3,'Order Book'!$G$3:$G$10,B3) -> 38550 | E3: =IFERROR(D3/C3,0) -> 0.8691829 | F3: =C3-D3 -> 5802 | G3: =IF(C3=0,"NO DATA",IF(E3>1,"OVERLOADED",IF(E3>=0.85,"OK",IF(E3>0,"UNDERLOADED","NO ORDERS")))) -> OK
A4: Line 1 | B4: W2 | C4: =IFERROR(INDEX('Line Master'!$G$3:$G$5,MATCH(A4,'Line Master'!$A$3:$A$5,0)),"") -> 44352 | D4: =SUMIFS('Order Book'!$H$3:$H$10,'Order Book'!$F$3:$F$10,A4,'Order Book'!$G$3:$G$10,B4) -> 46750 | E4: =IFERROR(D4/C4,0) -> 1.0540675 | F4: =C4-D4 -> -2398 | G4: =IF(C4=0,"NO DATA",IF(E4>1,"OVERLOADED",IF(E4>=0.85,"OK",IF(E4>0,"UNDERLOADED","NO ORDERS")))) -> OVERLOADED
A5: Line 2 | B5: W1 | C5: =IFERROR(INDEX('Line Master'!$G$3:$G$5,MATCH(A5,'Line Master'!$A$3:$A$5,0)),"") -> 34560 | D5: =SUMIFS('Order Book'!$H$3:$H$10,'Order Book'!$F$3:$F$10,A5,'Order Book'!$G$3:$G$10,B5) -> 31025 | E5: =IFERROR(D5/C5,0) -> 0.89771412 | F5: =C5-D5 -> 3535 | G5: =IF(C5=0,"NO DATA",IF(E5>1,"OVERLOADED",IF(E5>=0.85,"OK",IF(E5>0,"UNDERLOADED","NO ORDERS")))) -> OK
A6: Line 2 | B6: W2 | C6: =IFERROR(INDEX('Line Master'!$G$3:$G$5,MATCH(A6,'Line Master'!$A$3:$A$5,0)),"") -> 34560 | D6: =SUMIFS('Order Book'!$H$3:$H$10,'Order Book'!$F$3:$F$10,A6,'Order Book'!$G$3:$G$10,B6) -> 23900 | E6: =IFERROR(D6/C6,0) -> 0.69155093 | F6: =C6-D6 -> 10660 | G6: =IF(C6=0,"NO DATA",IF(E6>1,"OVERLOADED",IF(E6>=0.85,"OK",IF(E6>0,"UNDERLOADED","NO ORDERS")))) -> UNDERLOADED
A7: Line 3 | B7: W1 | C7: =IFERROR(INDEX('Line Master'!$G$3:$G$5,MATCH(A7,'Line Master'!$A$3:$A$5,0)),"") -> 51840 | D7: =SUMIFS('Order Book'!$H$3:$H$10,'Order Book'!$F$3:$F$10,A7,'Order Book'!$G$3:$G$10,B7) -> 49320 | E7: =IFERROR(D7/C7,0) -> 0.95138889 | F7: =C7-D7 -> 2520 | G7: =IF(C7=0,"NO DATA",IF(E7>1,"OVERLOADED",IF(E7>=0.85,"OK",IF(E7>0,"UNDERLOADED","NO ORDERS")))) -> OK
A8: Line 3 | B8: W2 | C8: =IFERROR(INDEX('Line Master'!$G$3:$G$5,MATCH(A8,'Line Master'!$A$3:$A$5,0)),"") -> 51840 | D8: =SUMIFS('Order Book'!$H$3:$H$10,'Order Book'!$F$3:$F$10,A8,'Order Book'!$G$3:$G$10,B8) -> 57200 | E8: =IFERROR(D8/C8,0) -> 1.1033951 | F8: =C8-D8 -> -5360 | G8: =IF(C8=0,"NO DATA",IF(E8>1,"OVERLOADED",IF(E8>=0.85,"OK",IF(E8>0,"UNDERLOADED","NO ORDERS")))) -> OVERLOADED

Sheet Dashboard
A1: Line Loading Dashboard
A2: Summary of capacity vs. requirement by line and week
A4: Line | B4: Week | C4: Load % | D4: Status
A5: ='Capacity Plan'!A3 -> Line 1 | B5: ='Capacity Plan'!B3 -> W1 | C5: ='Capacity Plan'!E3 -> 0.8691829 | D5: ='Capacity Plan'!G3 -> OK
A6: ='Capacity Plan'!A4 -> Line 1 | B6: ='Capacity Plan'!B4 -> W2 | C6: ='Capacity Plan'!E4 -> 1.0540675 | D6: ='Capacity Plan'!G4 -> OVERLOADED
A7: ='Capacity Plan'!A5 -> Line 2 | B7: ='Capacity Plan'!B5 -> W1 | C7: ='Capacity Plan'!E5 -> 0.89771412 | D7: ='Capacity Plan'!G5 -> OK
A8: ='Capacity Plan'!A6 -> Line 2 | B8: ='Capacity Plan'!B6 -> W2 | C8: ='Capacity Plan'!E6 -> 0.69155093 | D8: ='Capacity Plan'!G6 -> UNDERLOADED
A9: ='Capacity Plan'!A7 -> Line 3 | B9: ='Capacity Plan'!B7 -> W1 | C9: ='Capacity Plan'!E7 -> 0.95138889 | D9: ='Capacity Plan'!G7 -> OK
A10: ='Capacity Plan'!A8 -> Line 3 | B10: ='Capacity Plan'!B8 -> W2 | C10: ='Capacity Plan'!E8 -> 1.1033951 | D10: ='Capacity Plan'!G8 -> OVERLOADED
