Workbook

Sheet Read Me
A1: Line Balancing & SMV Breakdown Tool
A2: Operation-level SMV breakdown, workstation assignment, and balance efficiency analysis for a basic crew-neck T-shirt
A4: What this tool shows
A5: 1. Operation Breakdown
A6: Every sewing operation for the garment, its SMV (Standard Minute Value), and its assigned workstation — both the original ('Before') layout and a rebalanced ('After') layout.
A8: 2. Line Balance - Before
A9: Groups operations into their original stations, totals SMV per station, and identifies the bottleneck station (the slowest one, which sets the pace for the whole line).
A11: 3. Line Balance - After
A12: Same structure, using a rebalanced station assignment designed to even out workload and reduce the bottleneck.
A14: 4. Dashboard
A15: Before vs. after comparison: station times, bottleneck, and overall Balance Efficiency %.
A18: Key formula
... A28: Note: SMV values are illustrative estimates based on general apparel IE references, for demonstration purposes — not sourced from a real factory's time study.

Sheet Operation Breakdown
A2: Op No. | B2: Operation Name | C2: Machine Type | D2: SMV (min) | E2: Station (Before) | F2: Station (After)
A3: OP01 | B3: Shoulder join | C3: Overlock | D3: 0.45 | E3: St1 | F3: St4
A4: OP02 | B4: Neck rib attach | C4: Overlock | D4: 0.65 | E4: St1 | F4: St2
A5: OP03 | B5: Neck rib join | C5: Flatlock | D5: 0.35 | E5: St1 | F5: St5
A6: OP04 | B6: Neck top stitch | C6: Flatlock | D6: 0.75 | E6: St2 | F6: St4
A7: OP05 | B7: Sleeve attach (L) | C7: Overlock | D7: 0.75 | E7: St2 | F7: St5
A8: OP06 | B8: Sleeve attach (R) | C8: Overlock | D8: 0.75 | E8: St3 | F8: St5
A9: OP07 | B9: Side seam (L) | C9: Overlock | D9: 0.85 | E9: St3 | F9: St3
A10: OP08 | B10: Side seam (R) | C10: Overlock | D10: 0.85 | E10: St4 | F10: St3
A11: OP09 | B11: Sleeve hem (L) | C11: Flatlock | D11: 0.45 | E11: St4 | F11: St1
A12: OP10 | B12: Sleeve hem (R) | C12: Flatlock | D12: 0.45 | E12: St4 | F12: St4
A13: OP11 | B13: Bottom hem | C13: Flatlock | D13: 1 | E13: St5 | F13: St2
A14: OP12 | B14: Label attach + trimming | C14: Single Needle | D14: 1.2 | E14: St5 | F14: St1
C15: Total SMV: | D15: =SUM(D3:D14) -> 8.5

Sheet Line Balance - Before
A2: Station | B2: Operations Assigned | C2: Station Time (min) | D2: Idle Time vs Bottleneck (min)
A3: St1 | B3: OP01, OP02, OP03 | C3: =SUMIF('Operation Breakdown'!$E$3:$E$14,A3,'Operation Breakdown'!$D$3:$D$14) -> 1.45 | D3: =MAX($C$3:$C$7)-C3 -> 0.75
A4: St2 | B4: OP04, OP05 | C4: =SUMIF('Operation Breakdown'!$E$3:$E$14,A4,'Operation Breakdown'!$D$3:$D$14) -> 1.5 | D4: =MAX($C$3:$C$7)-C4 -> 0.7
A5: St3 | B5: OP06, OP07 | C5: =SUMIF('Operation Breakdown'!$E$3:$E$14,A5,'Operation Breakdown'!$D$3:$D$14) -> 1.6 | D5: =MAX($C$3:$C$7)-C5 -> 0.6
A6: St4 | B6: OP08, OP09, OP10 | C6: =SUMIF('Operation Breakdown'!$E$3:$E$14,A6,'Operation Breakdown'!$D$3:$D$14) -> 1.75 | D6: =MAX($C$3:$C$7)-C6 -> 0.45
A7: St5 | B7: OP11, OP12 | C7: =SUMIF('Operation Breakdown'!$E$3:$E$14,A7,'Operation Breakdown'!$D$3:$D$14) -> 2.2 | D7: =MAX($C$3:$C$7)-C7 -> 0
A9: Total SMV (all ops): | B9: ='Operation Breakdown'!D15 -> 8.5
A10: No. of Stations: | B10: 5
A11: Bottleneck Station Time (min): | B11: =MAX(C3:C7) -> 2.2
A12: Balance Efficiency %: | B12: =B9/(B10*B11) -> 0.77272727

Sheet Line Balance - After
A2: Station | B2: Operations Assigned | C2: Station Time (min) | D2: Idle Time vs Bottleneck (min)
A3: St1 | B3: OP09, OP12 | C3: =SUMIF('Operation Breakdown'!$F$3:$F$14,A3,'Operation Breakdown'!$D$3:$D$14) -> 1.65 | D3: =MAX($C$3:$C$7)-C3 -> 0.2
A4: St2 | B4: OP02, OP11 | C4: =SUMIF('Operation Breakdown'!$F$3:$F$14,A4,'Operation Breakdown'!$D$3:$D$14) -> 1.65 | D4: =MAX($C$3:$C$7)-C4 -> 0.2
A5: St3 | B5: OP07, OP08 | C5: =SUMIF('Operation Breakdown'!$F$3:$F$14,A5,'Operation Breakdown'!$D$3:$D$14) -> 1.7 | D5: =MAX($C$3:$C$7)-C5 -> 0.15
A6: St4 | B6: OP01, OP04, OP10 | C6: =SUMIF('Operation Breakdown'!$F$3:$F$14,A6,'Operation Breakdown'!$D$3:$D$14) -> 1.65 | D6: =MAX($C$3:$C$7)-C6 -> 0.2
A7: St5 | B7: OP03, OP05, OP06 | C7: =SUMIF('Operation Breakdown'!$F$3:$F$14,A7,'Operation Breakdown'!$D$3:$D$14) -> 1.85 | D7: =MAX($C$3:$C$7)-C7 -> 0
A9: Total SMV (all ops): | B9: ='Operation Breakdown'!D15 -> 8.5
A10: No. of Stations: | B10: 5
A11: Bottleneck Station Time (min): | B11: =MAX(C3:C7) -> 1.85
A12: Balance Efficiency %: | B12: =B9/(B10*B11) -> 0.91891892

Sheet Dashboard
A1: Line Balancing Dashboard
A2: Before vs. After rebalancing — basic crew-neck T-shirt line
A4: Station | B4: Time - Before (min) | C4: Time - After (min)
A5: St1 | B5: ='Line Balance - Before'!C3 -> 1.45 | C5: ='Line Balance - After'!C3 -> 1.65
A6: St2 | B6: ='Line Balance - Before'!C4 -> 1.5 | C6: ='Line Balance - After'!C4 -> 1.65
A7: St3 | B7: ='Line Balance - Before'!C5 -> 1.6 | C7: ='Line Balance - After'!C5 -> 1.7
A8: St4 | B8: ='Line Balance - Before'!C6 -> 1.75 | C8: ='Line Balance - After'!C6 -> 1.65
A9: St5 | B9: ='Line Balance - Before'!C7 -> 2.2 | C9: ='Line Balance - After'!C7 -> 1.85
A12: Metric | B12: Before | C12: After
A13: Bottleneck Station Time (min) | B13: ='Line Balance - Before'!B11 -> 2.2 | C13: ='Line Balance - After'!B11 -> 1.85
A14: Balance Efficiency % | B14: ='Line Balance - Before'!B12 -> 0.77272727 | C14: ='Line Balance - After'!B12 -> 0.91891892
A15: Efficiency Improvement | C15: =C14-B14 -> 0.14619165
